RedFighter,RedNationality,BlueFighter,BlueNationality,Date,Location,Country,Winner,TitleBout,WeightClass,WinnerNationality,Loser,LoserNationality
Bassil Hafez,Australia,Oban Elliott,United Kingdom,2024-11-16,"New York City, New York, USA",USA,Blue,False,Welterweight,United Kingdom,Bassil Hafez,Australia
Robert Whittaker,Australia,Khamzat Chimaev,United Arab Emirates,2024-10-26,"Abu Dhabi, Abu Dhabi, United Arab Emirates",United Arab Emirates,Blue,False,Middleweight,United Arab Emirates,Robert Whittaker,Australia
Junior Tafa,Australia,Sean Sharaf,Australia,2024-10-12,"Las Vegas, Nevada, USA",USA,Red,False,Heavyweight,Australia,Sean Sharaf,Australia
Dan Argueta,United States of America,Cody Haddon,Australia,2024-10-12,"Las Vegas, Nevada, USA",USA,Blue,False,Bantamweight,Australia,Dan Argueta,United States of America
Ion Cutelaba,Moldova,Ivan Erslan,Australia,2024-09-28,"Paris, Ile-de-France, France",France,Red,False,Light Heavyweight,Moldova,Ivan Erslan,Australia
Kaan Ofli,Australia,Mairon Santos,United States of America,2024-08-24,"Las Vegas, Nevada, USA",USA,Blue,False,Featherweight,United States of America,Kaan Ofli,Australia
Kai Kara-France,New Zealand,Steve Erceg,Australia,2024-08-17,"Perth, Western Australia, Australia",Australia,Red,False,Flyweight,New Zealand,Steve Erceg,Australia
Tai Tuivasa,Australia,Jairzinho Rozenstruik,Suriname,2024-08-17,"Perth, Western Australia, Australia",Australia,Blue,False,Heavyweight,Suriname,Tai Tuivasa,Australia
Junior Tafa,Australia,Valter Walker,Ireland,2024-08-17,"Perth, Western Australia, Australia",Australia,Blue,False,Heavyweight,Ireland,Junior Tafa,Australia
Josh Culibao,Australia,Ricardo Ramos,Brazil,2024-08-17,"Perth, Western Australia, Australia",Australia,Blue,False,Featherweight,Brazil,Josh Culibao,Australia
Jack Jenkins,Australia,Herbert Burns,Brazil,2024-08-17,"Perth, Western Australia, Australia",Australia,Red,False,Featherweight,Australia,Herbert Burns,Brazil
Tom Nolan,Australia,Alex Reyes,United States of America,2024-08-17,"Perth, Western Australia, Australia",Australia,Red,False,Lightweight,Australia,Alex Reyes,United States of America
Stewart Nicoll,Australia,Jesus Aguilar,Mexico,2024-08-17,"Perth, Western Australia, Australia",Australia,Blue,False,Flyweight,Mexico,Stewart Nicoll,Australia
Gabriel Bonfim,Brazil,Ange Loosa,Australia,2024-07-13,"Denver, Colorado, USA",USA,Red,False,Welterweight,Brazil,Ange Loosa,Australia
Evan Elder,United States of America,Darrius Flowers,Australia,2024-07-13,"Denver, Colorado, USA",USA,Red,False,Welterweight,United States of America,Darrius Flowers,Australia
Robert Whittaker,Australia,Ikram Aliskerov,Russia,2024-06-22,"Riyadh, Riyadh, Saudi Arabia",Saudi Arabia,Red,False,Middleweight,Australia,Ikram Aliskerov,Russia
Phil Rowe,United States of America,Jake Matthews,Australia,2024-06-01,"Newark, New Jersey, USA",USA,Blue,False,Welterweight,Australia,Phil Rowe,United States of America
Mickey Gall,United States of America,Bassil Hafez,Australia,2024-06-01,"Newark, New Jersey, USA",USA,Blue,False,Welterweight,Australia,Mickey Gall,United States of America
Victor Martinez,United States of America,Tom Nolan,Australia,2024-05-18,"Las Vegas, Nevada, USA",USA,Blue,False,Lightweight,Australia,Victor Martinez,United States of America
Alexandre Pantoja,Brazil,Steve Erceg,Australia,2024-05-04,"Rio de Janeiro, Rio de Janeiro, Brazil",Brazil,Red,True,Flyweight,Brazil,Steve Erceg,Australia
Mauricio Ruffy,Brazil,Jamie Mullarkey,Australia,2024-05-04,"Rio de Janeiro, Rio de Janeiro, Brazil",Brazil,Red,False,Lightweight,Brazil,Jamie Mullarkey,Australia
Andre Petroski,United States of America,Jacob Malkoun,Australia,2024-03-30,"Atlantic City, New Jersey, USA",USA,Blue,False,Middleweight,Australia,Andre Petroski,United States of America
Karl Williams,United States of America,Justin Tafa,Australia,2024-03-23,"Las Vegas, Nevada, USA",USA,Red,False,Heavyweight,United States of America,Justin Tafa,Australia
Tai Tuivasa,Australia,Marcin Tybura,Poland,2024-03-16,"Las Vegas, Nevada, USA",USA,Blue,False,Heavyweight,Poland,Tai Tuivasa,Australia
Josh Culibao,Australia,Danny Silva,United States of America,2024-03-16,"Las Vegas, Nevada, USA",USA,Blue,False,Featherweight,United States of America,Josh Culibao,Australia
Gilbert Burns,United States of America,Jack Della Maddalena,Australia,2024-03-09,"Miami, Florida, USA",USA,Blue,False,Welterweight,Australia,Gilbert Burns,United States of America
Vitor Petrino,Brazil,Tyson Pedro,Australia,2024-03-02,"Las Vegas, Nevada, USA",USA,Red,False,Light Heavyweight,Brazil,Tyson Pedro,Australia
Matt Schnell,United States of America,Steve Erceg,Australia,2024-03-02,"Las Vegas, Nevada, USA",USA,Blue,False,Flyweight,Australia,Matt Schnell,United States of America
Alexander Volkanovski,Australia,Ilia Topuria,Spain,2024-02-17,"Anaheim, California, USA",USA,Blue,True,Featherweight,Spain,Alexander Volkanovski,Australia
Robert Whittaker,Australia,Paulo Costa,Brazil,2024-02-17,"Anaheim, California, USA",USA,Red,False,Middleweight,Australia,Paulo Costa,Brazil
Marcos Rogerio de Lima,Brazil,Junior Tafa,Australia,2024-02-17,"Anaheim, California, USA",USA,Red,False,Heavyweight,Brazil,Junior Tafa,Australia
Michael Johnson,United States of America,Darrius Flowers,Australia,2024-02-10,"Las Vegas, Nevada, USA",USA,Red,False,Lightweight,United States of America,Darrius Flowers,Australia
Nikolas Motta,United States of America,Tom Nolan,Australia,2024-01-13,"Las Vegas, Nevada, USA",USA,Red,False,Lightweight,United States of America,Tom Nolan,Australia
Nasrat Haqparast,Morocco,Jamie Mullarkey,Australia,2023-12-09,"Las Vegas, Nevada, USA",USA,Red,False,Lightweight,Morocco,Jamie Mullarkey,Australia
HyunSung Park,South Korea,Shannon Ross,Australia,2023-12-09,"Las Vegas, Nevada, USA",USA,Red,False,Flyweight,South Korea,Shannon Ross,Australia
Michael Morales,Mexico,Jake Matthews,Australia,2023-11-18,"Las Vegas, Nevada, USA",USA,Red,False,Welterweight,Mexico,Jake Matthews,Australia
Steve Erceg,Australia,Alessandro Costa,Brazil,2023-11-11,"New York City, New York, USA",USA,Red,False,Flyweight,Australia,Alessandro Costa,Brazil
Islam Makhachev,Russia,Alexander Volkanovski,Australia,2023-10-21,"Abu Dhabi, Abu Dhabi, United Arab Emirates",United Arab Emirates,Red,True,Lightweight,Russia,Alexander Volkanovski,Australia
Jacob Malkoun,Australia,Cody Brundage,United States of America,2023-09-23,"Las Vegas, Nevada, USA",USA,Blue,False,Middleweight,United States of America,Jacob Malkoun,Australia
Kevin Holland,United States of America,Jack Della Maddalena,Australia,2023-09-16,"Las Vegas, Nevada, USA",USA,Blue,False,Welterweight,Australia,Kevin Holland,United States of America
Tai Tuivasa,Australia,Alexander Volkov,Russia,2023-09-09,"Sydney, New South Wales, Australia",Australia,Blue,False,Heavyweight,Russia,Tai Tuivasa,Australia
Justin Tafa,Australia,Austen Lane,United States of America,2023-09-09,"Sydney, New South Wales, Australia",Australia,Red,False,Heavyweight,Australia,Austen Lane,United States of America
Tyson Pedro,Australia,Anton Turkalj,Turkey,2023-09-09,"Sydney, New South Wales, Australia",Australia,Red,False,Light Heavyweight,Australia,Anton Turkalj,Turkey
Jack Jenkins,Australia,Chepe Mariscal,United States of America,2023-09-09,"Sydney, New South Wales, Australia",Australia,Blue,False,Featherweight,United States of America,Jack Jenkins,Australia
Jamie Mullarkey,Australia,John Makdessi,Canada,2023-09-09,"Sydney, New South Wales, Australia",Australia,Red,False,Lightweight,Australia,John Makdessi,Canada
Ange Loosa,Australia,Rhys McKee,United Arab Emirates,2023-09-02,"Paris, Ile-de-France, France",France,Red,False,Welterweight,Australia,Rhys McKee,United Arab Emirates
Junior Tafa,Australia,Parker Porter,United States of America,2023-08-26,"Kallang, Singapore",Singapore,Red,False,Heavyweight,Australia,Parker Porter,United States of America
Jake Matthews,Australia,Darrius Flowers,Australia,2023-07-29,"Salt Lake City, Utah, USA",USA,Red,False,Welterweight,Australia,Darrius Flowers,Australia
Lerone Murphy,United Kingdom,Josh Culibao,Australia,2023-07-22,"London, England, United Kingdom",United Kingdom,Red,False,Featherweight,United Kingdom,Josh Culibao,Australia
Jack Della Maddalena,Australia,Bassil Hafez,Australia,2023-07-15,"Las Vegas, Nevada, USA",USA,Red,False,Welterweight,Australia,Bassil Hafez,Australia
Alexander Volkanovski,Australia,Yair Rodriguez,Mexico,2023-07-08,"Las Vegas, Nevada, USA",USA,Red,True,Featherweight,Australia,Yair Rodriguez,Mexico
Robert Whittaker,Australia,Dricus Du Plessis,South Africa,2023-07-08,"Las Vegas, Nevada, USA",USA,Blue,False,Middleweight,South Africa,Robert Whittaker,Australia
Jimmy Crute,Australia,Alonzo Menifield,United States of America,2023-07-08,"Las Vegas, Nevada, USA",USA,Blue,False,Light Heavyweight,United States of America,Jimmy Crute,Australia
Shannon Ross,Australia,Jesus Aguilar,Mexico,2023-07-08,"Las Vegas, Nevada, USA",USA,Blue,False,Flyweight,Mexico,Shannon Ross,Australia
Jamall Emmers,United States of America,Jack Jenkins,Australia,2023-06-24,"Jacksonville, Florida, USA",USA,Blue,False,Featherweight,Australia,Jamall Emmers,United States of America
David Dvorak,Czech Republic,Steve Erceg,Australia,2023-06-10,"Vancouver, British Columbia, Canada",Canada,Blue,False,Flyweight,Australia,David Dvorak,Czech Republic
Jamie Mullarkey,Australia,Muhammad Naimov,Tajikistan,2023-06-03,"Las Vegas, Nevada, USA",USA,Blue,False,Lightweight,Tajikistan,Jamie Mullarkey,Australia
Jessica-Rose Clark,Australia,Tainara Lisboa,Brazil,2023-05-13,"Charlotte, North Carolina, USA",USA,Blue,False,Women's Bantamweight,Brazil,Jessica-Rose Clark,Australia
Mohammed Usman,United States of America,Junior Tafa,Australia,2023-04-22,"Las Vegas, Nevada, USA",USA,Red,False,Heavyweight,United States of America,Junior Tafa,Australia
Islam Makhachev,Russia,Alexander Volkanovski,Australia,2023-02-11,"Perth, Western Australia, Australia",Australia,Red,True,Lightweight,Russia,Alexander Volkanovski,Australia
Jack Della Maddalena,Australia,Randy Brown,United States of America,2023-02-11,"Perth, Western Australia, Australia",Australia,Red,False,Welterweight,Australia,Randy Brown,United States of America
Justin Tafa,Australia,Parker Porter,United States of America,2023-02-11,"Perth, Western Australia, Australia",Australia,Red,False,Heavyweight,Australia,Parker Porter,United States of America
Tyson Pedro,Australia,Modestas Bukauskas,United Kingdom,2023-02-11,"Perth, Western Australia, Australia",Australia,Blue,False,Light Heavyweight,United Kingdom,Tyson Pedro,Australia
Josh Culibao,Australia,Melsik Baghdasaryan,United States of America,2023-02-11,"Perth, Western Australia, Australia",Australia,Red,False,Featherweight,Australia,Melsik Baghdasaryan,United States of America
Shannon Ross,Australia,Kleydson Rodrigues,United Kingdom,2023-02-11,"Perth, Western Australia, Australia",Australia,Blue,False,Flyweight,United Kingdom,Shannon Ross,Australia
Jamie Mullarkey,Australia,Francisco Prado,Argentina,2023-02-11,"Perth, Western Australia, Australia",Australia,Red,False,Lightweight,Australia,Francisco Prado,Argentina
Jack Jenkins,Australia,Don Shainis,United States of America,2023-02-11,"Perth, Western Australia, Australia",Australia,Red,False,Featherweight,Australia,Don Shainis,United States of America
Jake Matthews,Australia,Matthew Semelsberger,United States of America,2022-12-17,"Las Vegas, Nevada, USA",USA,Blue,False,Welterweight,United States of America,Jake Matthews,Australia
Tai Tuivasa,Australia,Sergei Pavlovich,Russia,2022-12-03,"Orlando, Florida, USA",USA,Blue,False,Heavyweight,Russia,Tai Tuivasa,Australia
Jack Della Maddalena,Australia,Danny Roberts,United Kingdom,2022-11-19,"Las Vegas, Nevada, USA",USA,Red,False,Welterweight,Australia,Danny Roberts,United Kingdom
Nick Maximov,United States of America,Jacob Malkoun,Australia,2022-10-15,"Las Vegas, Nevada, USA",USA,Blue,False,Middleweight,Australia,Nick Maximov,United States of America
Ciryl Gane,France,Tai Tuivasa,Australia,2022-09-03,"Paris, Ile-de-France, France",France,Red,False,Heavyweight,France,Tai Tuivasa,Australia
Robert Whittaker,Australia,Marvin Vettori,Italy,2022-09-03,"Paris, Ile-de-France, France",France,Red,False,Middleweight,Australia,Marvin Vettori,Italy
Tyson Pedro,Australia,Harry Hunsucker,Australia,2022-08-20,"Salt Lake City, Utah, USA",USA,Red,False,Light Heavyweight,Australia,Harry Hunsucker,Australia
AJ Fletcher,South Africa,Ange Loosa,Australia,2022-08-20,"Salt Lake City, Utah, USA",USA,Blue,False,Welterweight,Australia,AJ Fletcher,South Africa
Michael Johnson,United States of America,Jamie Mullarkey,Australia,2022-07-09,"Las Vegas, Nevada, USA",USA,Blue,False,Lightweight,Australia,Michael Johnson,United States of America
Alexander Volkanovski,Australia,Max Holloway,United States of America,2022-07-02,"Las Vegas, Nevada, USA",USA,Red,True,Featherweight,Australia,Max Holloway,United States of America
Jessica-Rose Clark,Australia,Julija Stoliarenko,Lithuania,2022-07-02,"Las Vegas, Nevada, USA",USA,Blue,False,Women's Bantamweight,Lithuania,Jessica-Rose Clark,Australia
Andre Fialho,United States of America,Jake Matthews,Australia,2022-06-11,"Kallang, Singapore",Singapore,Blue,False,Welterweight,Australia,Andre Fialho,United States of America
Jack Della Maddalena,Australia,Ramazan Emeev,Russia,2022-06-11,"Kallang, Singapore",Singapore,Red,False,Welterweight,Australia,Ramazan Emeev,Russia
SeungWoo Choi,South Korea,Josh Culibao,Australia,2022-06-11,"Kallang, Singapore",Singapore,Blue,False,Featherweight,Australia,SeungWoo Choi,South Korea
Brendan Allen,United States of America,Jacob Malkoun,Australia,2022-06-11,"Kallang, Singapore",Singapore,Red,False,Middleweight,United States of America,Jacob Malkoun,Australia
Tyson Pedro,Australia,Ike Villanueva,United States of America,2022-04-23,"Las Vegas, Nevada, USA",USA,Red,False,Light Heavyweight,Australia,Ike Villanueva,United States of America
Mounir Lazzez,Tunisia,Ange Loosa,Australia,2022-04-16,"Las Vegas, Nevada, USA",USA,Red,False,Welterweight,Tunisia,Ange Loosa,Australia
Alexander Volkanovski,Australia,Chan Sung Jung,South Korea,2022-04-09,"Jacksonville, Florida, USA",USA,Red,True,Featherweight,Australia,Chan Sung Jung,South Korea
Jalin Turner,United States of America,Jamie Mullarkey,Australia,2022-03-05,"Las Vegas, Nevada, USA",USA,Red,False,Lightweight,United States of America,Jamie Mullarkey,Australia
Jessica-Rose Clark,Australia,Stephanie Egger,Switzerland,2022-02-19,"Las Vegas, Nevada, USA",USA,Blue,False,Women's Bantamweight,Switzerland,Jessica-Rose Clark,Australia
Israel Adesanya,New Zealand,Robert Whittaker,Australia,2022-02-12,"Houston, Texas, USA",USA,Red,True,Middleweight,New Zealand,Robert Whittaker,Australia
Derrick Lewis,United States of America,Tai Tuivasa,Australia,2022-02-12,"Houston, Texas, USA",USA,Blue,False,Heavyweight,Australia,Derrick Lewis,United States of America
AJ Dobson,United States of America,Jacob Malkoun,Australia,2022-02-12,"Houston, Texas, USA",USA,Blue,False,Middleweight,Australia,AJ Dobson,United States of America
Jack Della Maddalena,Australia,Pete Rodriguez,United States of America,2022-01-22,"Anaheim, California, USA",USA,Red,False,Welterweight,Australia,Pete Rodriguez,United States of America
Justin Tafa,Australia,Harry Hunsucker,Australia,2021-12-18,"Las Vegas, Nevada, USA",USA,Red,False,Heavyweight,Australia,Harry Hunsucker,Australia
Augusto Sakai,Brazil,Tai Tuivasa,Australia,2021-12-11,"Las Vegas, Nevada, USA",USA,Blue,False,Heavyweight,Australia,Augusto Sakai,Brazil
Jimmy Crute,Australia,Jamahal Hill,United States of America,2021-12-04,"Las Vegas, Nevada, USA",USA,Blue,False,Light Heavyweight,United States of America,Jimmy Crute,Australia
Jessica-Rose Clark,Australia,Joselyne Edwards,Panama,2021-10-23,"Las Vegas, Nevada, USA",USA,Red,False,Women's Bantamweight,Australia,Joselyne Edwards,Panama
Devonte Smith,United States of America,Jamie Mullarkey,Australia,2021-10-02,"Las Vegas, Nevada, USA",USA,Blue,False,Lightweight,Australia,Devonte Smith,United States of America
Alexander Volkanovski,Australia,Brian Ortega,United States of America,2021-09-25,"Las Vegas, Nevada, USA",USA,Red,True,Featherweight,Australia,Brian Ortega,United States of America
Tai Tuivasa,Australia,Greg Hardy,United States of America,2021-07-10,"Las Vegas, Nevada, USA",USA,Red,False,Heavyweight,Australia,Greg Hardy,United States of America
Justin Tafa,Australia,Jared Vanderaa,United States of America,2021-05-22,"Las Vegas, Nevada, USA",USA,Blue,False,Heavyweight,United States of America,Justin Tafa,Australia
Josh Culibao,Australia,Shayilan Nuerdanbieke,China,2021-05-22,"Las Vegas, Nevada, USA",USA,Red,False,Featherweight,Australia,Shayilan Nuerdanbieke,China
Anthony Smith,United States of America,Jimmy Crute,Australia,2021-04-24,"Jacksonville, Florida, USA",USA,Red,False,Light Heavyweight,United States of America,Jimmy Crute,Australia
Robert Whittaker,Australia,Kelvin Gastelum,United States of America,2021-04-17,"Las Vegas, Nevada, USA",USA,Red,False,Middleweight,Australia,Kelvin Gastelum,United States of America
Abdul Razak Alhassan,United States of America,Jacob Malkoun,Australia,2021-04-17,"Las Vegas, Nevada, USA",USA,Blue,False,Middleweight,Australia,Abdul Razak Alhassan,United States of America
Jamie Mullarkey,Australia,Khama Worthy,United States of America,2021-03-27,"Las Vegas, Nevada, USA",USA,Red,False,Lightweight,Australia,Khama Worthy,United States of America
Tai Tuivasa,Australia,Harry Hunsucker,Australia,2021-03-20,"Las Vegas, Nevada, USA",USA,Red,False,Heavyweight,Australia,Harry Hunsucker,Australia
Sean Brady,United States of America,Jake Matthews,Australia,2021-03-06,"Las Vegas, Nevada, USA",USA,Red,False,Welterweight,United States of America,Jake Matthews,Australia
Carlos Felipe,Brazil,Justin Tafa,Australia,2021-01-16,"Abu Dhabi, Abu Dhabi, United Arab Emirates",United Arab Emirates,Red,False,Heavyweight,Brazil,Justin Tafa,Australia
Robert Whittaker,Australia,Jared Cannonier,United States of America,2020-10-24,"Abu Dhabi, Abu Dhabi, United Arab Emirates",United Arab Emirates,Red,False,Middleweight,Australia,Jared Cannonier,United States of America
Jacob Malkoun,Australia,Phillip Hawes,United States of America,2020-10-24,"Abu Dhabi, Abu Dhabi, United Arab Emirates",United Arab Emirates,Blue,False,Middleweight,United States of America,Jacob Malkoun,Australia
Stefan Struve,Netherlands,Tai Tuivasa,Australia,2020-10-24,"Abu Dhabi, Abu Dhabi, United Arab Emirates",United Arab Emirates,Blue,False,Heavyweight,Australia,Stefan Struve,Netherlands
Jimmy Crute,Australia,Modestas Bukauskas,United Kingdom,2020-10-17,"Abu Dhabi, Abu Dhabi, United Arab Emirates",United Arab Emirates,Red,False,Light Heavyweight,Australia,Modestas Bukauskas,United Kingdom
Jamie Mullarkey,Australia,Fares Ziam,France,2020-10-17,"Abu Dhabi, Abu Dhabi, United Arab Emirates",United Arab Emirates,Blue,False,Lightweight,France,Jamie Mullarkey,Australia
Diego Sanchez,United States of America,Jake Matthews,Australia,2020-09-26,"Abu Dhabi, Abu Dhabi, United Arab Emirates",United Arab Emirates,Blue,False,Welterweight,Australia,Diego Sanchez,United States of America
Jessica-Rose Clark,Australia,Sarah Alpar,United States of America,2020-09-19,"Las Vegas, Nevada, USA",USA,Red,False,Women's Bantamweight,Australia,Sarah Alpar,United States of America
Robert Whittaker,Australia,Darren Till,Brazil,2020-07-25,"Abu Dhabi, Abu Dhabi, United Arab Emirates",United Arab Emirates,Red,False,Middleweight,Australia,Darren Till,Brazil
Alexander Volkanovski,Australia,Max Holloway,United States of America,2020-07-11,"Abu Dhabi, Abu Dhabi, United Arab Emirates",United Arab Emirates,Red,True,Featherweight,Australia,Max Holloway,United States of America
Jim Crute,Australia,Michal Oleksiejczuk,Poland,2020-02-22,"Auckland, New Zealand", New Zealand,Red,False,Light Heavyweight,Australia,Michal Oleksiejczuk,Poland
Ben Sosoli,Australia,Marcos Rogerio De Lima,Brazil,2020-02-22,"Auckland, New Zealand", New Zealand,Blue,False,Heavyweight,Brazil,Ben Sosoli,Australia
Jalin Turner,United States of America,Joshua Culibao,Australia,2020-02-22,"Auckland, New Zealand", New Zealand,Red,False,Lightweight,United States of America,Joshua Culibao,Australia
Jake Matthews,Australia,Emil Meek,Norway,2020-02-22,"Auckland, New Zealand", New Zealand,Red,False,Welterweight,Australia,Emil Meek,Norway
Callan Potter,Australia,Song Kenan,China,2020-02-22,"Auckland, New Zealand", New Zealand,Blue,False,Welterweight,China,Callan Potter,Australia
Juan Adams,United States of America,Justin Tafa,Australia,2020-02-08,"Houston, Texas, USA", USA,Blue,False,Heavyweight,Australia,Juan Adams,United States of America
Seungwoo Choi,South Korea,Suman Mokhtarian,Australia,2019-12-21,"Busan, South Korea", South Korea,Red,False,Featherweight,South Korea,Suman Mokhtarian,Australia
Max Holloway,United States of America,Alexander Volkanovski,Australia,2019-12-14,"Las Vegas, Nevada, USA", USA,Blue,True,Featherweight,Australia,Max Holloway,United States of America
Jessica-Rose Clark,Australia,Pannie Kianzad,United States of America,2019-11-09,"Moscow, Moscow, Russia", Russia,Blue,False,Women's Bantamweight,United States of America,Jessica-Rose Clark,Australia
Robert Whittaker,Australia,Israel Adesanya,New Zealand,2019-10-05,"Melbourne, Victoria, Australia", Australia,Blue,True,Middleweight,New Zealand,Robert Whittaker,Australia
Tai Tuivasa,Australia,Serghei Spivac,Moldova,2019-10-05,"Melbourne, Victoria, Australia", Australia,Blue,False,Heavyweight,Moldova,Tai Tuivasa,Australia
Justin Tafa,Australia,Yorgan De Castro,United States of America,2019-10-05,"Melbourne, Victoria, Australia", Australia,Blue,False,Heavyweight,United States of America,Justin Tafa,Australia
Jake Matthews,Australia,Rostem Akman,Australia,2019-10-05,"Melbourne, Victoria, Australia", Australia,Red,False,Welterweight,Australia,Rostem Akman,Australia
Callan Potter,Australia,Maki Pitolo,United States of America,2019-10-05,"Melbourne, Victoria, Australia", Australia,Red,False,Welterweight,Australia,Maki Pitolo,United States of America
Brad Riddell,New Zealand,Jamie Mullarkey,Australia,2019-10-05,"Melbourne, Victoria, Australia", Australia,Red,False,Lightweight,New Zealand,Jamie Mullarkey,Australia
Nadia Kassem,Australia,Ji Yeon Kim,United States of America,2019-10-05,"Melbourne, Victoria, Australia", Australia,Blue,False,Women's Flyweight,United States of America,Nadia Kassem,Australia
Misha Cirkunov,Canada,Jimmy Crute,Australia,2019-09-14,"Vancouver, British Columbia, Canada", Canada,Red,False,Light Heavyweight,Canada,Jimmy Crute,Australia
Tai Tuivasa,Australia,Blagoy Ivanov,Bulgaria,2019-06-08,"Chicago, Illinois, USA", USA,Blue,False,Heavyweight,Bulgaria,Tai Tuivasa,Australia
Rostem Akman,Australia,Sergey Khandozhko,Russia,2019-06-01,"Stockholm, Sweden", Sweden,Blue,False,Welterweight,Russia,Rostem Akman,Australia
Jose Aldo,Brazil,Alexander Volkanovski,Australia,2019-05-11,"Rio de Janeiro, Rio de Janeiro, Brazil", Brazil,Blue,False,Featherweight,Australia,Jose Aldo,Brazil
Montana De La Rosa,United States of America,Nadia Kassem,Australia,2019-02-09,"Melbourne, Victoria, Australia", Australia,Red,False,Women's Flyweight,United States of America,Nadia Kassem,Australia
Jimmy Crute,Australia,Sam Alvey,United States of America,2019-02-09,"Melbourne, Victoria, Australia", Australia,Red,False,Light Heavyweight,Australia,Sam Alvey,United States of America
Callan Potter,Australia,Jalin Turner,United States of America,2019-02-09,"Melbourne, Victoria, Australia", Australia,Blue,False,Lightweight,United States of America,Callan Potter,Australia
Chad Mendes,United States of America,Alexander Volkanovski,Australia,2018-12-29,"Los Angeles, California, USA", USA,Blue,False,Featherweight,Australia,Chad Mendes,United States of America
Junior Dos Santos,Brazil,Tai Tuivasa,Australia,2018-12-01,"Adelaide, South Australia, Australia", Australia,Red,False,Heavyweight,Brazil,Tai Tuivasa,Australia
Mauricio Rua,Brazil,Tyson Pedro,Australia,2018-12-01,"Adelaide, South Australia, Australia", Australia,Red,False,Light Heavyweight,Brazil,Tyson Pedro,Australia
Mark Hunt,Australia,Justin Willis,United States of America,2018-12-01,"Adelaide, South Australia, Australia", Australia,Blue,False,Heavyweight,United States of America,Mark Hunt,Australia
Jake Matthews,Australia,Anthony Rocco Martin,United States of America,2018-12-01,"Adelaide, South Australia, Australia", Australia,Blue,False,Welterweight,United States of America,Jake Matthews,Australia
Suman Mokhtarian,Australia,Sodiq Yusuff,United States of America,2018-12-01,"Adelaide, South Australia, Australia", Australia,Blue,False,Featherweight,United States of America,Suman Mokhtarian,Australia
Jimmy Crute,Australia,Paul Craig,United Kingdom,2018-12-01,"Adelaide, South Australia, Australia", Australia,Red,False,Light Heavyweight,Australia,Paul Craig,United Kingdom
Wilson Reis,United States of America,Ben Nguyen,Australia,2018-12-01,"Adelaide, South Australia, Australia", Australia,Red,False,Flyweight,United States of America,Ben Nguyen,Australia
Livinha Souza,Brazil,Alex Chambers,Australia,2018-09-22,"Sao Paulo, Sao Paulo, Brazil", Brazil,Red,False,Women's Strawweight,Brazil,Alex Chambers,Australia
Mark Hunt,Australia,Aleksei Oleinik,Russia,2018-09-15,"Moscow, Moscow, Russia", Russia,Blue,False,Heavyweight,Russia,Mark Hunt,Australia
Darren Elkins,United States of America,Alexander Volkanovski,Australia,2018-07-14,"Boise, Idaho, USA", USA,Blue,False,Featherweight,Australia,Darren Elkins,United States of America
Ovince Saint Preux,United States of America,Tyson Pedro,Australia,2018-06-23,"Kallang, Singapore", Singapore,Red,False,Light Heavyweight,United States of America,Tyson Pedro,Australia
Jessica-Rose Clark,Australia,Jessica Eye,United States of America,2018-06-23,"Kallang, Singapore", Singapore,Blue,False,Women's Flyweight,United States of America,Jessica-Rose Clark,Australia
Shinsho Anzai,Japan,Jake Matthews,Australia,2018-06-23,"Kallang, Singapore", Singapore,Blue,False,Welterweight,Australia,Shinsho Anzai,Japan
Robert Whittaker,Australia,Yoel Romero,United States of America,2018-06-09,"Chicago, Illinois, USA", USA,Red,False,Middleweight,Australia,Yoel Romero,United States of America
Andrei Arlovski,United States of America,Tai Tuivasa,Australia,2018-06-09,"Chicago, Illinois, USA", USA,Blue,False,Heavyweight,Australia,Andrei Arlovski,United States of America
Daniel Kelly,Australia,Tom Breese,United Kingdom,2018-05-27,"Liverpool, England, United Kingdom", United Kingdom,Blue,False,Middleweight,United Kingdom,Daniel Kelly,Australia
Bec Rawlings,Australia,Ashlee Evans-Smith,United States of America,2018-04-07,"Brooklyn, New York, USA", USA,Blue,False,Women's Flyweight,United States of America,Bec Rawlings,Australia
Mark Hunt,Australia,Curtis Blaydes,United States of America,2018-02-10,"Perth, Western Australia, Australia", Australia,Blue,False,Heavyweight,United States of America,Mark Hunt,Australia
Tai Tuivasa,Australia,Cyril Asker,France,2018-02-10,"Perth, Western Australia, Australia", Australia,Red,False,Heavyweight,Australia,Cyril Asker,France
Jake Matthews,Australia,Li Jingliang,China,2018-02-10,"Perth, Western Australia, Australia", Australia,Red,False,Welterweight,Australia,Li Jingliang,China
Tyson Pedro,Australia,Saparbeg Safarov,Russia,2018-02-10,"Perth, Western Australia, Australia", Australia,Red,False,Light Heavyweight,Australia,Saparbeg Safarov,Russia
Damien Brown,Australia,Dong Hyun Ma,South Korea,2018-02-10,"Perth, Western Australia, Australia", Australia,Blue,False,Lightweight,South Korea,Damien Brown,Australia
Rob Wilkinson,Australia,Israel Adesanya,New Zealand,2018-02-10,"Perth, Western Australia, Australia", Australia,Blue,False,Middleweight,New Zealand,Rob Wilkinson,Australia
Alexander Volkanovski,Australia,Jeremy Kennedy,Canada,2018-02-10,"Perth, Western Australia, Australia", Australia,Red,False,Featherweight,Australia,Jeremy Kennedy,Canada
Jussier Formiga,United States of America,Ben Nguyen,Australia,2018-02-10,"Perth, Western Australia, Australia", Australia,Red,False,Flyweight,United States of America,Ben Nguyen,Australia
Paige VanZant,United States of America,Jessica-Rose Clark,Australia,2018-01-14,"St. Louis, Missouri, USA", USA,Blue,False,Women's Flyweight,Australia,Paige VanZant,United States of America
Bec Rawlings,Australia,Jessica-Rose Clark,Australia,2017-11-18,"Sydney, New South Wales, Australia", Australia,Blue,False,Women's Flyweight,Australia,Bec Rawlings,Australia
Jake Matthews,Australia,Bojan Velickovic,United States of America,2017-11-18,"Sydney, New South Wales, Australia", Australia,Red,False,Welterweight,Australia,Bojan Velickovic,United States of America
Elias Theodorou,Canada,Daniel Kelly,Australia,2017-11-18,"Sydney, New South Wales, Australia", Australia,Red,False,Middleweight,Canada,Daniel Kelly,Australia
Alexander Volkanovski,Australia,Shane Young,New Zealand,2017-11-18,"Sydney, New South Wales, Australia", Australia,Red,False,Catch Weight,Australia,Shane Young,New Zealand
Ryan Benoit,United States of America,Ashkan Mokhtarian,Australia,2017-11-18,"Sydney, New South Wales, Australia", Australia,Red,False,Flyweight,United States of America,Ashkan Mokhtarian,Australia
Rashad Coulter,United States of America,Tai Tuivasa,Australia,2017-11-18,"Sydney, New South Wales, Australia", Australia,Blue,False,Heavyweight,Australia,Rashad Coulter,United States of America
Damien Brown,Australia,Frank Camacho,Northern Mariana Islands,2017-11-18,"Sydney, New South Wales, Australia", Australia,Blue,False,Lightweight,Northern Mariana Islands,Damien Brown,Australia
Alex Chambers,Australia,Nadia Kassem,Australia,2017-11-18,"Sydney, New South Wales, Australia", Australia,Blue,False,Women's Strawweight,Australia,Alex Chambers,Australia
Ilir Latifi,Sweden,Tyson Pedro,Australia,2017-09-09,"Edmonton, Alberta, Canada", Canada,Red,False,Light Heavyweight,Sweden,Tyson Pedro,Australia
Siyar Bahadurzada,Netherlands,Rob Wilkinson,Australia,2017-09-02,"Rotterdam, Zuid-Holland, Netherlands", Netherlands,Red,False,Middleweight,Netherlands,Rob Wilkinson,Australia
Yoel Romero,United States of America,Robert Whittaker,Australia,2017-07-08,"Las Vegas, Nevada, USA", USA,Blue,True,Middleweight,Australia,Yoel Romero,United States of America
Derrick Lewis,United States of America,Mark Hunt,Australia,2017-06-10,"Auckland, New Zealand", New Zealand,Blue,False,Heavyweight,Australia,Derrick Lewis,United States of America
Derek Brunson,United States of America,Daniel Kelly,Australia,2017-06-10,"Auckland, New Zealand", New Zealand,Red,False,Middleweight,United States of America,Daniel Kelly,Australia
Tim Elliott,United States of America,Ben Nguyen,Australia,2017-06-10,"Auckland, New Zealand", New Zealand,Blue,False,Flyweight,Australia,Tim Elliott,United States of America
Alexander Volkanovski,Australia,Mizuto Hirota,Japan,2017-06-10,"Auckland, New Zealand", New Zealand,Red,False,Featherweight,Australia,Mizuto Hirota,Japan
Damien Brown,Australia,Vinc Pichel,United States of America,2017-06-10,"Auckland, New Zealand", New Zealand,Blue,False,Lightweight,United States of America,Damien Brown,Australia
John Moraga,United States of America,Ashkan Mokhtarian,Australia,2017-06-10,"Auckland, New Zealand", New Zealand,Red,False,Flyweight,United States of America,Ashkan Mokhtarian,Australia
Jacare Souza,Brazil,Robert Whittaker,Australia,2017-04-15,"Kansas City, Missouri, USA", USA,Blue,False,Middleweight,Australia,Jacare Souza,Brazil
Rashad Evans,United States of America,Daniel Kelly,Australia,2017-03-04,"Las Vegas, Nevada, USA", USA,Blue,False,Middleweight,Australia,Rashad Evans,United States of America
Alistair Overeem,Netherlands,Mark Hunt,Australia,2017-03-04,"Las Vegas, Nevada, USA", USA,Red,False,Heavyweight,Netherlands,Mark Hunt,Australia
Tyson Pedro,Australia,Paul Craig,United Kingdom,2017-03-04,"Las Vegas, Nevada, USA", USA,Red,False,Light Heavyweight,Australia,Paul Craig,United Kingdom
Tecia Torres,United States of America,Bec Rawlings,Australia,2017-02-04,"Houston, Texas, USA", USA,Red,False,Women's Strawweight,United States of America,Bec Rawlings,Australia
Dong Hyun Ma,South Korea,Brendan O'Reilly,Australia,2016-12-03,"Las Vegas, Nevada, USA", USA,Red,False,Lightweight,South Korea,Brendan O'Reilly,Australia
Robert Whittaker,Australia,Derek Brunson,United States of America,2016-11-26,"Melbourne, Victoria, Australia", Australia,Red,False,Middleweight,Australia,Derek Brunson,United States of America
Jake Matthews,Australia,Andrew Holbrook,United States of America,2016-11-26,"Melbourne, Victoria, Australia", Australia,Blue,False,Lightweight,United States of America,Jake Matthews,Australia
Yusuke Kasuya,Japan,Alexander Volkanovski,Australia,2016-11-26,"Melbourne, Victoria, Australia", Australia,Blue,False,Lightweight,Australia,Yusuke Kasuya,Japan
Khalil Rountree Jr.,United States of America,Tyson Pedro,Australia,2016-11-26,"Melbourne, Victoria, Australia", Australia,Blue,False,Light Heavyweight,Australia,Khalil Rountree Jr.,United States of America
Daniel Kelly,Australia,Chris Camozzi,United States of America,2016-11-26,"Melbourne, Victoria, Australia", Australia,Red,False,Middleweight,Australia,Chris Camozzi,United States of America
Damien Brown,Australia,Jon Tuck,Guam,2016-11-26,"Melbourne, Victoria, Australia", Australia,Red,False,Lightweight,Australia,Jon Tuck,Guam
Richard Walsh,Australia,Jonathan Meunier,Canada,2016-11-26,"Melbourne, Victoria, Australia", Australia,Blue,False,Welterweight,Canada,Richard Walsh,Australia
Ben Nguyen,Australia,Geane Herrera,United States of America,2016-11-26,"Melbourne, Victoria, Australia", Australia,Red,False,Flyweight,Australia,Geane Herrera,United States of America
Paige VanZant,United States of America,Bec Rawlings,Australia,2016-08-27,"Vancouver, British Columbia, Canada", Canada,Red,False,Women's Strawweight,United States of America,Bec Rawlings,Australia
Cesar Arzamendia,Paraguay,Damien Brown,Australia,2016-07-30,"Atlanta, Georgia, USA", USA,Blue,False,Lightweight,Australia,Cesar Arzamendia,Paraguay
Louis Smolka,United States of America,Ben Nguyen,Australia,2016-07-13,"Sioux Falls, South Dakota, USA", USA,Red,False,Flyweight,United States of America,Ben Nguyen,Australia
Jake Matthews,Australia,Kevin Lee,United States of America,2016-07-08,"Las Vegas, Nevada, USA", USA,Blue,False,Lightweight,United States of America,Jake Matthews,Australia
Robert Whittaker,Australia,Rafael Natal,United States of America,2016-04-23,"Las Vegas, Nevada, USA", USA,Red,False,Middleweight,Australia,Rafael Natal,United States of America
Mark Hunt,Australia,Frank Mir,United States of America,2016-03-19,"Brisbane, Queensland, Australia", Australia,Red,False,Heavyweight,Australia,Frank Mir,United States of America
Jake Matthews,Australia,Johnny Case,United States of America,2016-03-19,"Brisbane, Queensland, Australia", Australia,Red,False,Lightweight,Australia,Johnny Case,United States of America
Daniel Kelly,Australia,Antonio Carlos Junior,Brazil,2016-03-19,"Brisbane, Queensland, Australia", Australia,Red,False,Middleweight,Australia,Antonio Carlos Junior,Brazil
James Te Huna,Australia,Steve Bosse,Canada,2016-03-19,"Brisbane, Queensland, Australia", Australia,Blue,False,Light Heavyweight,Canada,James Te Huna,Australia
Bec Rawlings,Australia,Seohee Ham,South Korea,2016-03-19,"Brisbane, Queensland, Australia", Australia,Red,False,Women's Strawweight,Australia,Seohee Ham,South Korea
Brendan O'Reilly,Australia,Alan Jouban,United States of America,2016-03-19,"Brisbane, Queensland, Australia", Australia,Blue,False,Welterweight,United States of America,Brendan O'Reilly,Australia
Richard Walsh,Australia,Viscardi Andrade,Brazil,2016-03-19,"Brisbane, Queensland, Australia", Australia,Blue,False,Welterweight,Brazil,Richard Walsh,Australia
Alan Patrick,Brazil,Damien Brown,Australia,2016-03-19,"Brisbane, Queensland, Australia", Australia,Red,False,Lightweight,Brazil,Damien Brown,Australia
Mark Hunt,Australia,Antonio Silva,Brazil,2015-11-14,"Melbourne, Victoria, Australia", Australia,Red,False,Heavyweight,Australia,Antonio Silva,Brazil
Uriah Hall,United States of America,Robert Whittaker,Australia,2015-11-14,"Melbourne, Victoria, Australia", Australia,Blue,False,Middleweight,Australia,Uriah Hall,United States of America
Jake Matthews,Australia,Akbarh Arreola,United States of America,2015-11-14,"Melbourne, Victoria, Australia", Australia,Red,False,Lightweight,Australia,Akbarh Arreola,United States of America
Anthony Perosh,Australia,Gian Villante,United States of America,2015-11-14,"Melbourne, Victoria, Australia", Australia,Blue,False,Light Heavyweight,United States of America,Anthony Perosh,Australia
Richie Vaculik,Australia,Danny Martinez,United States of America,2015-11-14,"Melbourne, Victoria, Australia", Australia,Blue,False,Flyweight,United States of America,Richie Vaculik,Australia
Daniel Kelly,Australia,Steve Montgomery,United States of America,2015-11-14,"Melbourne, Victoria, Australia", Australia,Red,False,Middleweight,Australia,Steve Montgomery,United States of America
Richard Walsh,Australia,Steve Kennedy,Australia,2015-11-14,"Melbourne, Victoria, Australia", Australia,Red,False,Welterweight,Australia,Steve Kennedy,Australia
Ben Nguyen,Australia,Ryan Benoit,United States of America,2015-11-14,"Melbourne, Victoria, Australia", Australia,Red,False,Flyweight,Australia,Ryan Benoit,United States of America
Nick Hein,Germany,Yusuke Kasuya,Japan,2015-09-26,"Saitama, Japan", Japan,Red,False,Lightweight,Germany,Yusuke Kasuya,Japan
Paige VanZant,United States of America,Alex Chambers,Australia,2015-09-05,"Las Vegas, Nevada, USA", USA,Red,False,Women's Strawweight,United States of America,Alex Chambers,Australia
Antonio Silva,Brazil,Soa Palelei,Australia,2015-08-01,"Rio de Janeiro, Rio de Janeiro, Brazil", Brazil,Red,False,Heavyweight,Brazil,Soa Palelei,Australia
Peter Sobotta,Germany,Steve Kennedy,Australia,2015-06-20,"Berlin, Berlin, Germany", Germany,Red,False,Welterweight,Germany,Steve Kennedy,Australia
Stipe Miocic,United States of America,Mark Hunt,Australia,2015-05-09,"Adelaide, South Australia, Australia", Australia,Red,False,Heavyweight,United States of America,Mark Hunt,Australia
Brad Tavares,United States of America,Robert Whittaker,Australia,2015-05-09,"Adelaide, South Australia, Australia", Australia,Blue,False,Middleweight,Australia,Brad Tavares,United States of America
Anthony Perosh,Australia,Sean O'Connell,United States of America,2015-05-09,"Adelaide, South Australia, Australia", Australia,Blue,False,Light Heavyweight,United States of America,Anthony Perosh,Australia
Jake Matthews,Australia,James Vick,United States of America,2015-05-09,"Adelaide, South Australia, Australia", Australia,Blue,False,Lightweight,United States of America,Jake Matthews,Australia
Daniel Kelly,Australia,Sam Alvey,United States of America,2015-05-09,"Adelaide, South Australia, Australia", Australia,Blue,False,Middleweight,United States of America,Daniel Kelly,Australia
Bec Rawlings,Australia,Lisa Ellis,United States of America,2015-05-09,"Adelaide, South Australia, Australia", Australia,Red,False,Women's Strawweight,Australia,Lisa Ellis,United States of America
Dylan Andrews,Australia,Bradley Scott,United Kingdom,2015-05-09,"Adelaide, South Australia, Australia", Australia,Blue,False,Middleweight,United Kingdom,Dylan Andrews,Australia
Alex Chambers,Australia,Kailin Curran,United States of America,2015-05-09,"Adelaide, South Australia, Australia", Australia,Red,False,Women's Strawweight,Australia,Kailin Curran,United States of America
Vik Grujic,Australia,Brendan O'Reilly,Australia,2015-05-09,"Adelaide, South Australia, Australia", Australia,Blue,False,Welterweight,Australia,Vik Grujic,Australia
Alptekin Ozkilic,United States of America,Ben Nguyen,Australia,2015-05-09,"Adelaide, South Australia, Australia", Australia,Blue,False,Flyweight,Australia,Alptekin Ozkilic,United States of America
Alan Jouban,United States of America,Richard Walsh,Australia,2015-02-28,"Los Angeles, California, USA", USA,Red,False,Welterweight,United States of America,Richard Walsh,Australia
Masio Fullen,Mexico,Alex Torres,Australia,2015-02-28,"Los Angeles, California, USA", USA,Red,False,Featherweight,Mexico,Alex Torres,Australia
Daniel Kelly,Australia,Patrick Walsh,United States of America,2015-02-14,"Broomfield, Colorado, USA", USA,Red,False,Middleweight,Australia,Patrick Walsh,United States of America
Bec Rawlings,Australia,Heather Jo Clark,United States of America,2014-12-12,"Las Vegas, Nevada, USA", USA,Blue,False,Women's Strawweight,United States of America,Bec Rawlings,Australia
Aisling Daly,Ireland,Alex Chambers,Australia,2014-12-12,"Las Vegas, Nevada, USA", USA,Red,False,Women's Strawweight,Ireland,Alex Chambers,Australia
Fabricio Werdum,United States of America,Mark Hunt,Australia,2014-11-15,"Mexico City, Distrito Federal, Mexico", Mexico,Red,True,Heavyweight,United States of America,Mark Hunt,Australia
Robert Whittaker,Australia,Clint Hester,United States of America,2014-11-07,"Sydney, New South Wales, Australia", Australia,Red,False,Middleweight,Australia,Clint Hester,United States of America
Soa Palelei,Australia,Walt Harris,United States of America,2014-11-07,"Sydney, New South Wales, Australia", Australia,Red,False,Heavyweight,Australia,Walt Harris,United States of America
Jake Matthews,Australia,Vagner Rocha,United States of America,2014-11-07,"Sydney, New South Wales, Australia", Australia,Red,False,Lightweight,Australia,Vagner Rocha,United States of America
Anthony Perosh,Australia,Guto Inocente,United States of America,2014-11-07,"Sydney, New South Wales, Australia", Australia,Red,False,Light Heavyweight,Australia,Guto Inocente,United States of America
Dylan Andrews,Australia,Sam Alvey,United States of America,2014-11-07,"Sydney, New South Wales, Australia", Australia,Blue,False,Middleweight,United States of America,Dylan Andrews,Australia
Richie Vaculik,Australia,Louis Smolka,United States of America,2014-11-07,"Sydney, New South Wales, Australia", Australia,Blue,False,Flyweight,United States of America,Richie Vaculik,Australia
Vik Grujic,Australia,Chris Clements,Canada,2014-11-07,"Sydney, New South Wales, Australia", Australia,Blue,False,Welterweight,Canada,Vik Grujic,Australia
Luke Zachrich,United States of America,Daniel Kelly,Australia,2014-11-07,"Sydney, New South Wales, Australia", Australia,Blue,False,Middleweight,Australia,Luke Zachrich,United States of America
Mark Hunt,Australia,Roy Nelson,United States of America,2014-09-20,"Saitama, Japan", Japan,Red,False,Heavyweight,Australia,Roy Nelson,United States of America
Kiichi Kunimoto,Japan,Richard Walsh,Australia,2014-09-20,"Saitama, Japan", Japan,Red,False,Welterweight,Japan,Richard Walsh,Australia
Zhang Lipeng,China,Brendan O'Reilly,Australia,2014-08-23,"Macau, China", China,Red,False,Lightweight,China,Brendan O'Reilly,Australia
James Te Huna,Australia,Nate Marquardt,United States of America,2014-06-28,"Auckland, New Zealand", New Zealand,Blue,False,Middleweight,United States of America,James Te Huna,Australia
Soa Palelei,Australia,Jared Rosholt,United States of America,2014-06-28,"Auckland, New Zealand", New Zealand,Blue,False,Heavyweight,United States of America,Soa Palelei,Australia
Robert Whittaker,Australia,Mike Rhodes,United States of America,2014-06-28,"Auckland, New Zealand", New Zealand,Red,False,Welterweight,Australia,Mike Rhodes,United States of America
Jake Matthews,Australia,Dashon Johnson,United States of America,2014-06-28,"Auckland, New Zealand", New Zealand,Red,False,Lightweight,Australia,Dashon Johnson,United States of America
Richie Vaculik,Australia,Roldan Sangcha-an,Phillipines,2014-06-28,"Auckland, New Zealand", New Zealand,Red,False,Flyweight,Australia,Roldan Sangcha-an,Phillipines
Chris Indich,Australia,Vik Grujic,Australia,2014-06-28,"Auckland, New Zealand", New Zealand,Blue,False,Welterweight,Australia,Chris Indich,Australia
Soa Palelei,Australia,Ruan Potts,South Africa,2014-05-10,"Cincinnati, Ohio, USA", USA,Red,False,Heavyweight,Australia,Ruan Potts,South Africa
Justin Salas,United States of America,Ben Wall,Australia,2014-05-10,"Cincinnati, Ohio, USA", USA,Red,False,Lightweight,United States of America,Ben Wall,Australia
Nordine Taleb,Canada,Vik Grujic,Australia,2014-04-16,"Quebec City, Quebec, Canada", Canada,Red,False,Middleweight,Canada,Vik Grujic,Australia
Richard Walsh,Australia,Chris Indich,Australia,2014-04-16,"Quebec City, Quebec, Canada", Canada,Red,False,Welterweight,Australia,Chris Indich,Australia
Robert Whittaker,Australia,Stephen Thompson,United States of America,2014-02-22,"Las Vegas, Nevada, USA", USA,Blue,False,Welterweight,United States of America,Robert Whittaker,Australia
Max Holloway,United States of America,Will Chope,Australia,2014-01-04,"Singapore, Singapore", Singapore,Red,False,Featherweight,United States of America,Will Chope,Australia
Mauricio Rua,Brazil,James Te Huna,Australia,2013-12-06,"Brisbane, Queensland, Australia", Australia,Red,False,Light Heavyweight,Brazil,James Te Huna,Australia
Ryan Bader,United States of America,Anthony Perosh,Australia,2013-12-06,"Brisbane, Queensland, Australia", Australia,Red,False,Light Heavyweight,United States of America,Anthony Perosh,Australia
Pat Barry,United States of America,Soa Palelei,Australia,2013-12-06,"Brisbane, Queensland, Australia", Australia,Blue,False,Heavyweight,Australia,Pat Barry,United States of America
Dylan Andrews,Australia,Clint Hester,United States of America,2013-12-06,"Brisbane, Queensland, Australia", Australia,Blue,False,Middleweight,United States of America,Dylan Andrews,Australia
Richie Vaculik,Australia,Justin Scoggins,United States of America,2013-12-06,"Brisbane, Queensland, Australia", Australia,Blue,False,Flyweight,United States of America,Richie Vaculik,Australia
Ben Wall,Australia,Alex Garcia,Dominican Republic,2013-12-06,"Brisbane, Queensland, Australia", Australia,Blue,False,Welterweight,Dominican Republic,Ben Wall,Australia
George Sotiropoulos,Australia,KJ Noons,United States of America,2013-10-19,"Houston, Texas, USA", USA,Blue,False,Lightweight,United States of America,George Sotiropoulos,Australia
Soa Palelei,Australia,Nikita Krylov,Russia,2013-08-31,"Milwaukee, Wisconsin, USA", USA,Red,False,Heavyweight,Australia,Nikita Krylov,Russia
Court McGee,United States of America,Robert Whittaker,Australia,2013-08-28,"Indianapolis, Indiana, USA", USA,Red,False,Welterweight,United States of America,Robert Whittaker,Australia
Dylan Andrews,Australia,Papy Abedi,Sweden,2013-08-28,"Indianapolis, Indiana, USA", USA,Red,False,Middleweight,Australia,Papy Abedi,Sweden
Zak Cummings,United States of America,Benny Alloway,Australia,2013-08-28,"Indianapolis, Indiana, USA", USA,Red,False,Welterweight,United States of America,Benny Alloway,Australia
Vinny Magalhaes,United States of America,Anthony Perosh,Australia,2013-08-03,"Rio de Janeiro, Brazil", Brazil,Blue,False,Light Heavyweight,Australia,Vinny Magalhaes,United States of America
Junior Dos Santos,Brazil,Mark Hunt,Australia,2013-05-25,"Las Vegas, Nevada, USA", USA,Red,False,Heavyweight,Brazil,Mark Hunt,Australia
Glover Teixeira,United States of America,James Te Huna,Australia,2013-05-25,"Las Vegas, Nevada, USA", USA,Red,False,Light Heavyweight,United States of America,James Te Huna,Australia
Colton Smith,United States of America,Robert Whittaker,Australia,2013-05-25,"Las Vegas, Nevada, USA", USA,Blue,False,Welterweight,Australia,Colton Smith,United States of America
Dylan Andrews,Australia,Jimmy Quinlan,United States of America,2013-04-13,"Las Vegas, Nevada, USA", USA,Red,False,Middleweight,Australia,Jimmy Quinlan,United States of America
Benny Alloway,Australia,Ryan LaFlare,United States of America,2013-04-06,"Stockholm, Sweden", Sweden,Blue,False,Welterweight,United States of America,Benny Alloway,Australia
Stefan Struve,Netherlands,Mark Hunt,Australia,2013-03-02,"Saitama, Japan", Japan,Blue,False,Heavyweight,Australia,Stefan Struve,Netherlands
James Te Huna,Australia,Ryan Jimmo,Canada,2013-02-16,"London, England, United Kingdom", United Kingdom,Red,False,Light Heavyweight,Australia,Ryan Jimmo,Canada
George Sotiropoulos,Australia,Ross Pearson,United Kingdom,2012-12-14,"Gold Coast, Queensland, Australia", Australia,Blue,False,Lightweight,United Kingdom,George Sotiropoulos,Australia
Robert Whittaker,Australia,Bradley Scott,United Kingdom,2012-12-14,"Gold Coast, Queensland, Australia", Australia,Red,True,Welterweight,Australia,Bradley Scott,United Kingdom
Benny Alloway,Australia,Manuel Rodriguez,Australia,2012-12-14,"Gold Coast, Queensland, Australia", Australia,Red,False,Welterweight,Australia,Manuel Rodriguez,Australia
Anthony Perosh,Australia,Ryan Jimmo,Canada,2012-07-21,"Calgary, Alberta, Canada", Canada,Blue,False,Light Heavyweight,Canada,Anthony Perosh,Australia
James Te Huna,Australia,Joey Beltran,United States of America,2012-07-11,"San Jose, California, USA", USA,Red,False,Light Heavyweight,Australia,Joey Beltran,United States of America
James Te Huna,Australia,Aaron Rosa,United States of America,2012-03-02,"Sydney, New South Wales, Australia", Australia,Red,False,Light Heavyweight,Australia,Aaron Rosa,United States of America
Anthony Perosh,Australia,Nick Penner,Canada,2012-03-02,"Sydney, New South Wales, Australia", Australia,Red,False,Light Heavyweight,Australia,Nick Penner,Canada
Mark Hunt,Australia,Cheick Kongo,France,2012-02-25,"Saitama, Japan", Japan,Red,False,Heavyweight,Australia,Cheick Kongo,France
Cyrille Diabate,France,Anthony Perosh,Australia,2011-11-05,"Birmingham, England, United Kingdom", United Kingdom,Blue,False,Light Heavyweight,Australia,Cyrille Diabate,France
Ben Rothwell,United States of America,Mark Hunt,Australia,2011-09-24,"Denver, Colorado, USA", USA,Blue,False,Heavyweight,Australia,Ben Rothwell,United States of America
James Te Huna,Australia,Ricardo Romero,United States of America,2011-09-24,"Denver, Colorado, USA", USA,Red,False,Light Heavyweight,Australia,Ricardo Romero,United States of America
George Sotiropoulos,Australia,Rafael Dos Anjos,United States of America,2011-07-02,"Las Vegas, Nevada, USA", USA,Blue,False,Lightweight,United States of America,George Sotiropoulos,Australia
George Sotiropoulos,Australia,Dennis Siver,Germany,2011-02-26,"Sydney, New South Wales, Australia", Australia,Blue,False,Lightweight,Germany,George Sotiropoulos,Australia
Alexander Gustafsson,Sweden,James Te Huna,Australia,2011-02-26,"Sydney, New South Wales, Australia", Australia,Red,False,Light Heavyweight,Sweden,James Te Huna,Australia
Tom Blackledge,United Kingdom,Anthony Perosh,Australia,2011-02-26,"Sydney, New South Wales, Australia", Australia,Blue,False,Light Heavyweight,Australia,Tom Blackledge,United Kingdom
Mark Hunt,Australia,Chris Tuchscherer,United States of America,2011-02-26,"Sydney, New South Wales, Australia", Australia,Red,False,Heavyweight,Australia,Chris Tuchscherer,United States of America
George Sotiropoulos,Australia,Joe Lauzon,United States of America,2010-11-20,"Auburn Hills, Michigan, USA", USA,Red,False,Lightweight,Australia,Joe Lauzon,United States of America
Mark Hunt,Australia,Sean McCorkle,United States of America,2010-09-25,"Indianapolis, Indiana, USA", USA,Blue,False,Heavyweight,United States of America,Mark Hunt,Australia
George Sotiropoulos,Australia,Kurt Pellegrino,United States of America,2010-07-03,"Las Vegas, Nevada, USA", USA,Red,False,Lightweight,Australia,Kurt Pellegrino,United States of America
Muhammad Naimov,Tajikistan,Kaan Ofli,Australia,2025-02-02,"Riyadh, Riyadh, Saudi Arabia",Saudi Arabia,Muhammad Naimov,False,Featherweight,Tajikistan,Kaan Ofli,Australian
Tallison Teixeira,Australia,Justin Tafa,Australia,2025-02-09,"Sydney, New South Wales, Australia",Australia,Tallison Teixeira,False,Heavyweight,Australia,Justin Tafa,Australia
Jimmy Crute,Australian,Rodolfo Bellato,Brazil,2025-02-09,"Sydney, New South Wales, Australia",Australia,Jimmy Crute,False,Light Heavyweight,Australia,Rodolfo Bellato,Brazil
Jake Matthews,Australian,Francisco Prado,Argentina,2025-02-09,"Sydney, New South Wales, Australia",Australia,Jake Matthews,False,Welterweight,Australia,Francisco Prado,Argentina
Jack Jenkins,Australia,Gabriel Santos,Brazil,2025-02-09,"Sydney, New South Wales, Australia",Australia,Gabriel Santos,False,Featherweight,Brazil,Jack Jenkins,Australia
Tom Nolan,Australia,Viacheslav Borshchev,United States of America,2025-02-09,"Sydney, New South Wales, Australia",Australia,False,Lightweight,Australian,Viacheslav Borshchev,United States of America
Colby Thicknesse,Australia,Aleksandre Topuria,Spain,2025-02-09,"Sydney, New South Wales, Australia",Australia,Aleksandre Topuria,False,Bantamweight,Spain,Colby Thicknesse,Australia
Jonathan Micallef,Australia,Kevin Jousset,New Zealand,2025-02-09,"Sydney, New South Wales, Australia",Australia,Jonathan Micallef,False,Welterweight,Australia,Kevin Jousset,New Zealand
Quillan Salkilld,Australia,Anshul Jubli,India,2025-02-09,"Sydney, New South Wales, Australia",Australia,Quillan Salkilld,False,Lightweight,Australia,Anshul Jubli,India
Brandon Moreno,Mexico,Steve Erceg,Australia,2025-03-30,"Mexico City, Distrito Federal, Mexico",Mexico,Brandon Moreno,False,Flyweight,Mexico,Steve Erceg,Australia
Alexander Volkanovski,Australia,Diego Lopes,Mexico,2025-04-13,"Miami, Florida, USA",USA,Alexander Volkanovski,True,Featherweight,Australian,Diego Lopes,Mexico
Jack Della Maddalena,Australian,Belal Muhammad,United States of America,2025-05-11,"Montreal, Quebec, Canada",Canada,Jack Della Maddalena,True,Welterweight,Australian,Belal Muhammad,United States of America
Quillan Salkilld,Australia,Yanal Ashmouz,Israel,2025-06-08,"Newark, New Jersey, USA",USA,Quillan Salkilld,False,Lightweight,Australia,Yanal Ashmouz,Israel
Junior Tafa,Australia,Tuco Tokkos,United Kingdom,2025-07-13,"Nashvile, Tennessee, USA",USA,Tuco Tokkos,False,Light Heavyweight,United Kingdom,Junior Tafa,Australia
Jake Matthews,Australia,Chidi Njokuani,United States of America,2025-07-13,"Nashvile, Tennessee, USA",USA,Jake Matthews,False,Welterweight,Australia,Chidi Njokuani,United States of America
Jimmy Crute,Australian,Marcin Prachnio,Netherlands,2025-07-20,"New Orleans, Louisiana, USA",USA,Jimmy Crute,False,Light Heavyweight,Australian,Marcin Prachnio,Netherlands
Robert Whittaker,Australia,Reinier de Ridder,Netherlands,2025-07-27,"Abu Dhabi, Abu Dhabi, United Arab Emirates",United Arab Emirates,Reinier de Ridder,False,Middleweight,Netherlands,Robert Whittaker,Australia
Steve Erceg,Australia,Ode Osbourne,United States of America,2025-08-10,"Las Vegas, Nevada, USA",USA,Steve Erceg,False,Bantamweight,Australia,Ode Osbourne,United States of America
Jimmy Crute,Australian,Ivan Erslan,Croatia,2025-09-28,"Perth, Western Australia, Australia",Australia,Jimmy Crute,False,Light Heavyweight,Australian,Ivan Erslan,Croatia
Jack Jenkins,Australia,Ramon Taveras,United States of America,2025-09-28,"Perth, Western Australia, Australia",Australia,Jack Jenkins,False,Featherweight,Australia,Ramon Taveras,United States of America
Jake Matthews,Australian,Neil Magny,United States of America,2025-09-28,"Perth, Western Australia, Australia",Australia,Neil Magny,False,Welterweight,United States of America,Jake Matthews,Australian
Tom Nolan,Australian,Charlie Campbell,United States of America,2025-09-28,"Perth, Western Australia, Australia",Australia,Tom Nolan,False,Lightweight,Australian,Charlie Campbell,United States of America
Jamie Mullarkey,Australian,Rolando Bedoya,Peru,2025-09-28,"Perth, Western Australia, Australia",Australia,Jamie Mullarkey,False,Lightweight,Australian,Rolando Bedoya,Peru
Colby Thicknesse,Australia,Josias Musasa,Democratic Republic of the Congo,2025-09-28,"Perth, Western Australia, Australia",Australia,Colby Thicknesse,False,Bantamweight,Australia,Josias Musasa,Democratic Republic of the Congo
Brando Pericic,Australian,Elisha Ellison,United States of America,2025-09-28,"Perth, Western Australia, Australia",Australia,Brando Pericic,False,Heavyweight,Australian,Elisha Ellison,United States of America
